{"cameraMode":{"drawMode":0,"name":"Shaded","section":"Shading Mode"},"sceneLighting":false,"audioPlay":false,"sceneViewState":{"m_AlwaysRefresh":false,"showFog":true,"showSkybox":false,"showFlares":true,"showImageEffects":true,"showParticleSystems":true,"showVisualEffectGraphs":true,"m_FxEnabled":true},"in2DMode":false,"pivot":{"x":9.031601905822754,"y":1.965075135231018,"z":6.866530418395996},"rotation":{"x":-0.011124065145850182,"y":-0.8746049404144287,"z":-0.020233018323779107,"w":0.48441651463508608},"size":0.8660253882408142,"orthographic":false}